,target,state_var,dataset,test_score,train_mean,train_std,cv_mean,cv_std,strategy
0,input_air_temperature,state__An,NEMA_H0,-0.3752798022146208,-0.24637858999095694,0.010421786881827615,-2.280239489263403,4.9501828468892635,LeaveOneOut
1,input_air_temperature,state__An,NEMA_H3,-0.569716922432783,-0.22044787859777262,0.004907701746026155,-1.934819015628747,4.035310377083461,LeaveOneOut
2,input_air_temperature,state__An,NEMA_H15,-0.26378492953099086,-0.2762132553571362,0.007148847696674136,-2.329922124671526,4.2436324690748455,LeaveOneOut
3,input_air_temperature,state__An,combined,-0.27460424145321555,-0.2694765097739858,0.005452908994507163,-1.9953115391708263,3.7824532830650086,LeaveOneOut
4,input_air_temperature,state__Transpiration,NEMA_H0,-0.4222562638791799,-0.271428848211017,0.01998622325692415,-3.098224259934693,5.63623874459094,LeaveOneOut
5,input_air_temperature,state__Transpiration,NEMA_H3,-0.3686730940651053,-0.2697299049737505,0.011745916822472821,-2.7317123214585455,5.3842264810510345,LeaveOneOut
6,input_air_temperature,state__Transpiration,NEMA_H15,-0.32711475246283855,-0.29465811327173563,0.013088977903676217,-2.734401913699923,5.623409056827871,LeaveOneOut
7,input_air_temperature,state__Transpiration,combined,-0.37119009366769024,-0.27865887550189034,0.010880176866553942,-2.4106285456878798,4.641627711206117,LeaveOneOut
8,input_air_temperature,state__S_Sucrose,NEMA_H0,-0.7710909026513011,-0.6582863352365624,0.03772712178167998,-5.017351017359085,9.432364721352783,LeaveOneOut
9,input_air_temperature,state__S_Sucrose,NEMA_H3,-0.5718553263341323,-0.597281592739948,0.01950395193716889,-5.528938470915039,10.26527956158388,LeaveOneOut
10,input_air_temperature,state__S_Sucrose,NEMA_H15,-0.7243381672847741,-0.6198281034401785,0.019766087750075958,-5.221124358545073,10.419211876206248,LeaveOneOut
11,input_air_temperature,state__S_Sucrose,combined,-0.7386877264319912,-0.6760272609545016,0.021544261896560935,-4.93589065964302,10.137498161793078,LeaveOneOut
12,input_air_temperature,state__Ts,NEMA_H0,-0.06395200860942933,-0.04891852998514679,0.004555840289554449,-0.20061494226278864,0.11549991353047401,LeaveOneOut
13,input_air_temperature,state__Ts,NEMA_H3,-0.04922903842232117,-0.04252020448972906,0.003406579469649445,-0.18886732465668576,0.12578850032039257,LeaveOneOut
14,input_air_temperature,state__Ts,NEMA_H15,-0.04823029599107291,-0.04254991826202892,0.003030375465884614,-0.18687266432908733,0.13455030468771412,LeaveOneOut
15,input_air_temperature,state__Ts,combined,-0.05255672600200166,-0.044280258558550147,0.0033309449690157957,-0.1779348004789636,0.11876245026587998,LeaveOneOut
16,input_air_temperature,state__gs,NEMA_H0,-0.49610361359028227,-0.4030794585069508,0.01231709335316556,-3.5753665364041547,6.233614080187861,LeaveOneOut
17,input_air_temperature,state__gs,NEMA_H3,-0.437479717969513,-0.37619994049522687,0.01608700878533525,-3.1513334275236637,5.876077005132267,LeaveOneOut
18,input_air_temperature,state__gs,NEMA_H15,-0.4946766143062087,-0.3624317439530336,0.012863041736523475,-2.813878615240726,4.925462549964596,LeaveOneOut
19,input_air_temperature,state__gs,combined,-0.5175264048804007,-0.4152609680258023,0.011546967360421016,-2.9745045843308198,5.602103556223297,LeaveOneOut
20,input_air_temperature,state__Ag,NEMA_H0,-0.793779985856874,-0.40680936425054487,0.016555687485879943,-3.823242881178341,7.705414896804667,LeaveOneOut
21,input_air_temperature,state__Ag,NEMA_H3,-0.5449138880546675,-0.41775186390637575,0.013038422126862952,-3.588267887936599,6.561836285893664,LeaveOneOut
22,input_air_temperature,state__Ag,NEMA_H15,-0.48297564351000744,-0.4846203590873265,0.012440035459702646,-4.0930146099600515,7.365178001229721,LeaveOneOut
23,input_air_temperature,state__Ag,combined,-0.4984270054957948,-0.48149141403991597,0.013679330520220315,-3.9321957761799706,7.150972408237491,LeaveOneOut
24,input_air_temperature,state__Tr,NEMA_H0,-0.22218922926179072,-0.21362124866206644,0.014632970567967373,-2.3639973409064523,4.269452891291027,LeaveOneOut
25,input_air_temperature,state__Tr,NEMA_H3,-0.2013247135696244,-0.21150128696369708,0.009188901063675538,-2.2322714197838938,4.40986347676398,LeaveOneOut
26,input_air_temperature,state__Tr,NEMA_H15,-0.25401732895521834,-0.2075967727276381,0.008682003636519971,-1.9884819899784503,4.036309159728097,LeaveOneOut
27,input_air_temperature,state__Tr,combined,-0.2234683693489096,-0.2105155961249826,0.009298799869254464,-1.9389563464570727,3.8774141819088292,LeaveOneOut
28,input_air_temperature,state__sucrose,NEMA_H0,-1.020536856167501,-0.7883596831654389,0.031186134134738724,-6.352003423870915,13.258406559676558,LeaveOneOut
29,input_air_temperature,state__sucrose,NEMA_H3,-0.6794108761473022,-0.64111120249962,0.03320581873883261,-6.746491489112078,14.593528667491826,LeaveOneOut
30,input_air_temperature,state__sucrose,NEMA_H15,-0.7461455095414277,-0.6477101220849792,0.0295190012731441,-6.41092172434133,13.859715976694082,LeaveOneOut
31,input_air_temperature,state__sucrose,combined,-0.9005325890678563,-0.7615438938150376,0.02044336250291206,-6.196847900344868,13.653147109283593,LeaveOneOut
32,input_air_temperature,state__Rd,NEMA_H0,-0.06635451187629747,-0.06255580462495822,0.0019915910087809916,-0.5951107190585277,1.3646911816791159,LeaveOneOut
33,input_air_temperature,state__Rd,NEMA_H3,-0.14165856080231753,-0.05735534941304556,0.0022557396480489813,-0.4647505653335364,1.0357183161007206,LeaveOneOut
34,input_air_temperature,state__Rd,NEMA_H15,-0.1318397005415819,-0.0579474845104841,0.0021478271241783115,-0.44386799838770746,1.0041988075489126,LeaveOneOut
35,input_air_temperature,state__Rd,combined,-0.3078352456344061,-0.07130145252141268,0.0026393038262071556,-0.48272875988653846,1.0251443234865647,LeaveOneOut
36,input_air_temperature,state__sum_respi,NEMA_H0,-0.11377239892906665,-0.06600283876766491,0.0018034107207277209,-0.8682850800797932,1.7949267463773662,LeaveOneOut
37,input_air_temperature,state__sum_respi,NEMA_H3,-0.5642070598692829,-0.06947188996890681,0.002284164371909422,-0.6638785322587575,1.5492465931220942,LeaveOneOut
38,input_air_temperature,state__sum_respi,NEMA_H15,-0.47524204301077927,-0.0705464755644389,0.0021608333881202135,-1.008924819626047,2.085974757767762,LeaveOneOut
39,input_air_temperature,state__sum_respi,combined,-0.4268788668824798,-0.13847918536106976,0.005489118586731591,-1.4388432358673595,2.7617237243662576,LeaveOneOut
40,input_air_temperature,state__Photosynthesis,NEMA_H0,-0.7227620751620722,-0.43199685665430493,0.01983007845484872,-4.225006758320523,8.59153040726683,LeaveOneOut
41,input_air_temperature,state__Photosynthesis,NEMA_H3,-1.3720876745475599,-0.5137054569950771,0.01938126876552315,-4.909222587952682,10.304014795024353,LeaveOneOut
42,input_air_temperature,state__Photosynthesis,NEMA_H15,-0.7744556141632012,-0.5628139880114228,0.016409572658309123,-5.119301730165354,10.688231707060444,LeaveOneOut
43,input_air_temperature,state__Photosynthesis,combined,-0.5628147439635139,-0.5605229311084984,0.010793323025654049,-4.571696572259633,9.098351656164459,LeaveOneOut
44,input_air_temperature,state__PARa,NEMA_H0,-0.7295529235715775,-0.7289888964526015,0.017131755607230563,-5.376098880572471,11.148425713658423,LeaveOneOut
45,input_air_temperature,state__PARa,NEMA_H3,-0.7109471896627555,-0.6968523671202518,0.013226525130737863,-5.4421369147724,11.862294030955553,LeaveOneOut
46,input_air_temperature,state__PARa,NEMA_H15,-0.731686860571729,-0.6976162006245586,0.012062696250792489,-5.057802597344552,11.12447834876755,LeaveOneOut
47,input_air_temperature,state__PARa,combined,-0.7229583741485324,-0.706535756821361,0.012839511511857096,-4.8366479591050116,10.601282606162643,LeaveOneOut
48,input_humidity,state__An,NEMA_H0,-0.9204158013861563,-0.4695606707711194,0.019063940728994106,-2.1087388521894352,1.376166988340217,LeaveOneOut
49,input_humidity,state__An,NEMA_H3,-0.8645530166651268,-0.5194617166739242,0.014886609252821745,-1.862873450161494,1.4017268744247764,LeaveOneOut
50,input_humidity,state__An,NEMA_H15,-0.6788527803248753,-0.6353480082278838,0.01917651617227993,-2.43769922596784,2.088669928965129,LeaveOneOut
51,input_humidity,state__An,combined,-0.6649808445937749,-0.577350080861852,0.013644678021686334,-2.0451251287610663,1.3278640052914688,LeaveOneOut
52,input_humidity,state__Transpiration,NEMA_H0,-0.36817700954139876,-0.19131573978408636,0.013430503317818872,-0.866481803264548,0.6851262053640115,LeaveOneOut
53,input_humidity,state__Transpiration,NEMA_H3,-0.5240640452006077,-0.19390103509858703,0.008579153897914138,-0.6597301501910043,0.4530614433915325,LeaveOneOut
54,input_humidity,state__Transpiration,NEMA_H15,-0.28490902654069694,-0.1853145384056228,0.008268011124009714,-0.8765952479359251,0.7787388833513776,LeaveOneOut
55,input_humidity,state__Transpiration,combined,-0.3103391378933647,-0.26020136800991933,0.011946719316501474,-0.98711145631387,0.8403877787758505,LeaveOneOut
56,input_humidity,state__S_Sucrose,NEMA_H0,-0.8038723110532746,-0.6570147326042155,0.01977801209899038,-2.837953892068847,2.343607770774695,LeaveOneOut
57,input_humidity,state__S_Sucrose,NEMA_H3,-0.9759558284570327,-0.5325685787773756,0.016972782802342844,-2.041311763676792,1.8019902430760264,LeaveOneOut
58,input_humidity,state__S_Sucrose,NEMA_H15,-0.8005162232060843,-0.694445414070825,0.0157304966460256,-2.400136070071514,2.163680778743628,LeaveOneOut
59,input_humidity,state__S_Sucrose,combined,-0.7428620511411219,-0.6418767822240129,0.01623487181640548,-2.275704445468536,1.8326332353930463,LeaveOneOut
60,input_humidity,state__Ts,NEMA_H0,-0.35505423538466846,-0.14733040602089129,0.00778868485765733,-0.6481847725132979,0.5124226905176048,LeaveOneOut
61,input_humidity,state__Ts,NEMA_H3,-0.3383470531401199,-0.15240086711521333,0.006463438758286977,-0.5958470362599919,0.6205480620050232,LeaveOneOut
62,input_humidity,state__Ts,NEMA_H15,-0.29989387924409255,-0.14857783432246863,0.006029923074583597,-0.5861392096014767,0.6702784481769504,LeaveOneOut
63,input_humidity,state__Ts,combined,-0.32708675000865395,-0.13920400791659765,0.005515728631615227,-0.569655203511448,0.6242599869062896,LeaveOneOut
64,input_humidity,state__gs,NEMA_H0,-0.9083814172658461,-0.5532053800488572,0.01961749546478745,-2.510795651147778,1.2937771843494263,LeaveOneOut
65,input_humidity,state__gs,NEMA_H3,-0.8527785074477836,-0.5740909184656974,0.01553044083484014,-2.2408600523638595,1.5221622733264093,LeaveOneOut
66,input_humidity,state__gs,NEMA_H15,-0.9859586820698207,-0.7072564157689623,0.014389460940448595,-2.434435662519034,2.0079320965948226,LeaveOneOut
67,input_humidity,state__gs,combined,-0.838361709860167,-0.6112905728065201,0.012747830324897718,-2.318365190443371,1.5028536417729872,LeaveOneOut
68,input_humidity,state__Ag,NEMA_H0,-0.8394522259249839,-0.5979434352180177,0.020327250292221263,-2.7599784879279223,2.1422992819165416,LeaveOneOut
69,input_humidity,state__Ag,NEMA_H3,-0.9943422429738921,-0.5316225872378314,0.017366317216545007,-1.8863309088110927,1.712028309903093,LeaveOneOut
70,input_humidity,state__Ag,NEMA_H15,-0.8225575583089881,-0.7165089468680148,0.016864934962233964,-2.4487632858138255,2.256324526696941,LeaveOneOut
71,input_humidity,state__Ag,combined,-0.7585684402829442,-0.5850699649492024,0.015518172020159,-2.1251001633393805,1.636535669280963,LeaveOneOut
72,input_humidity,state__Tr,NEMA_H0,-0.21986377496032247,-0.1757466553183065,0.01242188044668252,-0.7499383491954467,0.48987753380162696,LeaveOneOut
73,input_humidity,state__Tr,NEMA_H3,-0.18417953108148696,-0.15923162740648872,0.009262234191826564,-0.5884137517432197,0.45163613795852897,LeaveOneOut
74,input_humidity,state__Tr,NEMA_H15,-0.1811755878105289,-0.16545479668500723,0.007771987195451526,-0.572652625453495,0.41723933344643166,LeaveOneOut
75,input_humidity,state__Tr,combined,-0.1734042240423625,-0.1586569950041426,0.007984771835673234,-0.5942725382516276,0.4409359396210231,LeaveOneOut
76,input_humidity,state__sucrose,NEMA_H0,-1.3708032560835401,-0.6865236849358891,0.03274046368003043,-3.2546070021979636,3.8185459859054447,LeaveOneOut
77,input_humidity,state__sucrose,NEMA_H3,-1.151618775279021,-0.6162382469684294,0.03002061842046726,-2.411797772901159,3.32166494195291,LeaveOneOut
78,input_humidity,state__sucrose,NEMA_H15,-0.9913152938551514,-0.5511364704345053,0.02789175377942217,-2.293558714885898,3.3766109940376956,LeaveOneOut
79,input_humidity,state__sucrose,combined,-1.0985060830544962,-0.5846441663226443,0.023871937082545373,-2.4715125832435807,3.393933747115556,LeaveOneOut
80,input_humidity,state__Rd,NEMA_H0,-1.2984847913899156,-0.42883567147470103,0.027179164954349255,-2.2352634756785776,1.5185087287264494,LeaveOneOut
81,input_humidity,state__Rd,NEMA_H3,-2.065708313666007,-0.4005109324726555,0.023163029972787866,-1.8955642721333827,1.6041183702379533,LeaveOneOut
82,input_humidity,state__Rd,NEMA_H15,-4.468949625653236,-0.40681132592341435,0.020493258340154624,-1.9433623648789455,1.6130104943181889,LeaveOneOut
83,input_humidity,state__Rd,combined,-0.7586250295770938,-0.5734007020776044,0.015241752332309408,-2.125931701861967,1.5237410746262607,LeaveOneOut
84,input_humidity,state__sum_respi,NEMA_H0,-1.4967826574848349,-0.32796709974898264,0.023772604798515642,-1.9025692896334745,1.2652433355428296,LeaveOneOut
85,input_humidity,state__sum_respi,NEMA_H3,-1.1387512601228142,-0.3952665258686021,0.018898047077356005,-1.7864213935360067,1.6564878756903083,LeaveOneOut
86,input_humidity,state__sum_respi,NEMA_H15,-1.1103540125875633,-0.43989800590091727,0.019171141718074505,-2.171883864200052,2.1291417785879476,LeaveOneOut
87,input_humidity,state__sum_respi,combined,-1.1922398867475383,-0.4222667077384175,0.02140230166041295,-2.0077519295507047,1.2712279957997337,LeaveOneOut
88,input_humidity,state__Photosynthesis,NEMA_H0,-0.9952947536917146,-0.7992896587770756,0.020604858836139626,-3.0692606477723863,2.3048962584891566,LeaveOneOut
89,input_humidity,state__Photosynthesis,NEMA_H3,-1.3243943249201153,-0.5005315797316453,0.018463837308931,-1.7686142806174252,1.5096168632628848,LeaveOneOut
90,input_humidity,state__Photosynthesis,NEMA_H15,-0.9828068938034964,-0.48994046272047137,0.018003765599260767,-1.7711177394015565,1.7608022443302986,LeaveOneOut
91,input_humidity,state__Photosynthesis,combined,-0.8013749592956165,-0.6623503734429232,0.015822383948573722,-2.2953331050867316,1.9954765025982788,LeaveOneOut
92,input_humidity,state__PARa,NEMA_H0,-0.9011015478676228,-0.6850073217637662,0.02176123409523913,-2.6359920496557856,2.0028944411996457,LeaveOneOut
93,input_humidity,state__PARa,NEMA_H3,-0.8726100152318326,-0.663765690143698,0.017228569474365567,-2.216402699783412,1.9519347633716133,LeaveOneOut
94,input_humidity,state__PARa,NEMA_H15,-0.7976061125968538,-0.6686359522686215,0.015368861824499761,-2.218364682153772,1.928057353466265,LeaveOneOut
95,input_humidity,state__PARa,combined,-0.8467478779231049,-0.6718683491883342,0.016525655658517935,-2.2075515320947283,1.9024969099202758,LeaveOneOut
96,input_PARi,state__An,NEMA_H0,-0.09802954299155507,-0.14710011428215622,0.009075390237187484,-0.25062542591280673,0.1909963550782543,LeaveOneOut
97,input_PARi,state__An,NEMA_H3,-0.14918868795808202,-0.11733287496318248,0.006350954724061167,-0.22154807688930406,0.20770715473900977,LeaveOneOut
98,input_PARi,state__An,NEMA_H15,-0.12571646662008157,-0.1236094310821293,0.005843253204308322,-0.2192039655105805,0.2001086200739512,LeaveOneOut
99,input_PARi,state__An,combined,-0.11864549450766765,-0.1317701693621048,0.006302928650499741,-0.2184880092616993,0.19396398576636656,LeaveOneOut
100,input_PARi,state__Transpiration,NEMA_H0,-0.15232233690338917,-0.17643926258065526,0.008266936389667601,-0.2890907548780416,0.17415836750358957,LeaveOneOut
101,input_PARi,state__Transpiration,NEMA_H3,-0.17000160466510125,-0.1341585825522987,0.005732273208806359,-0.24306807364655753,0.18498035135886032,LeaveOneOut
102,input_PARi,state__Transpiration,NEMA_H15,-0.16701898365808263,-0.13035712619820772,0.005726561142714933,-0.23097522675820079,0.17871679451440142,LeaveOneOut
103,input_PARi,state__Transpiration,combined,-0.16638474917157442,-0.14435234186389842,0.005780697280985379,-0.2462563291042472,0.17318318296029975,LeaveOneOut
104,input_PARi,state__S_Sucrose,NEMA_H0,-0.09304060429719865,-0.14788155546716947,0.0093235125521093,-0.2582850355792957,0.19613804815173605,LeaveOneOut
105,input_PARi,state__S_Sucrose,NEMA_H3,-0.12133892798915513,-0.12480346561677605,0.007003445468805893,-0.23006096583344277,0.21257058145277005,LeaveOneOut
106,input_PARi,state__S_Sucrose,NEMA_H15,-0.12256897340835023,-0.12366685525590414,0.006306684111496436,-0.22297404702772278,0.20765182643319233,LeaveOneOut
107,input_PARi,state__S_Sucrose,combined,-0.11492287706844526,-0.1326653790455844,0.0066942335796660365,-0.21925600240505752,0.19822440869777067,LeaveOneOut
108,input_PARi,state__Ts,NEMA_H0,-0.19946141864385716,-0.19221169036595184,0.011761623549614396,-0.38724263356713695,0.3882420444235774,LeaveOneOut
109,input_PARi,state__Ts,NEMA_H3,-0.20659353101212116,-0.14544748328806545,0.00810241430896139,-0.29448755716488223,0.27555793505982357,LeaveOneOut
110,input_PARi,state__Ts,NEMA_H15,-0.19587535399406372,-0.14271995410900712,0.0073862131130743745,-0.2838477200997968,0.27697058651011114,LeaveOneOut
111,input_PARi,state__Ts,combined,-0.197492030735758,-0.15725461941468188,0.007446008329293089,-0.293408396655104,0.26098925321277966,LeaveOneOut
112,input_PARi,state__gs,NEMA_H0,-0.18090032633968264,-0.1722563607562006,0.011002218477117154,-0.3237012262224732,0.17893669170299198,LeaveOneOut
113,input_PARi,state__gs,NEMA_H3,-0.18429612032377818,-0.13814586936038387,0.0068697807445569385,-0.2681525581101867,0.182045951580235,LeaveOneOut
114,input_PARi,state__gs,NEMA_H15,-0.19680562406955654,-0.15665339588050695,0.0076663308463122285,-0.3112285797212056,0.2220063213024423,LeaveOneOut
115,input_PARi,state__gs,combined,-0.17673631107506144,-0.15764502137174535,0.007016800547137088,-0.2732389692726823,0.18701346855866183,LeaveOneOut
116,input_PARi,state__Ag,NEMA_H0,-0.09316435166913936,-0.14716431016514148,0.009468432759587418,-0.2526391304700752,0.18952167943311896,LeaveOneOut
117,input_PARi,state__Ag,NEMA_H3,-0.14955327602881044,-0.11839724229527379,0.006248322685160642,-0.2267709017096399,0.21000739906215732,LeaveOneOut
118,input_PARi,state__Ag,NEMA_H15,-0.12501288947748326,-0.12341334383928627,0.006070415577625314,-0.21894391316062653,0.2014408293190255,LeaveOneOut
119,input_PARi,state__Ag,combined,-0.11576204106400705,-0.1307246433459773,0.006568898164211231,-0.2183098196343924,0.19650228113946128,LeaveOneOut
120,input_PARi,state__Tr,NEMA_H0,-0.13742970598145582,-0.15766467540030285,0.009026083485785158,-0.26847627747312597,0.18145896515547283,LeaveOneOut
121,input_PARi,state__Tr,NEMA_H3,-0.149961155323858,-0.13191025351552732,0.006065468052234184,-0.22841386026910115,0.17968421777794746,LeaveOneOut
122,input_PARi,state__Tr,NEMA_H15,-0.14859621172643714,-0.12390800781058423,0.005659430993335103,-0.22089426738817047,0.17705583371140787,LeaveOneOut
123,input_PARi,state__Tr,combined,-0.1468609216543352,-0.134655865132812,0.006042267898516725,-0.22192082864272197,0.17837000793290994,LeaveOneOut
124,input_PARi,state__sucrose,NEMA_H0,-0.5779619833605243,-0.531496867903095,0.016923255642928257,-0.9028942325529925,0.6732112271357963,LeaveOneOut
125,input_PARi,state__sucrose,NEMA_H3,-0.6938384293703411,-0.3335196968170553,0.01682024520942174,-0.6206624556223068,0.49947002453379563,LeaveOneOut
126,input_PARi,state__sucrose,NEMA_H15,-0.4798502148552759,-0.45825288256838265,0.011560392555771872,-0.7853298070032791,0.6381313537864909,LeaveOneOut
127,input_PARi,state__sucrose,combined,-0.5523224876222613,-0.48974129146406303,0.01043531425360516,-0.815912145744135,0.6126003096733486,LeaveOneOut
128,input_PARi,state__Rd,NEMA_H0,-0.19119579511769,-0.19476927282601994,0.009516899456675405,-0.33639170418200554,0.21505339788476013,LeaveOneOut
129,input_PARi,state__Rd,NEMA_H3,-0.29195533246977157,-0.172084151823157,0.007109892864552287,-0.3327132009055883,0.33225568481696455,LeaveOneOut
130,input_PARi,state__Rd,NEMA_H15,-0.16248239659162653,-0.16473416335964466,0.006476279419767579,-0.3121117371667451,0.276136857416692,LeaveOneOut
131,input_PARi,state__Rd,combined,-0.16610045941033222,-0.1795017328114648,0.006903575571517845,-0.3126053468108094,0.2620031447368174,LeaveOneOut
132,input_PARi,state__sum_respi,NEMA_H0,-0.4714987182797469,-0.2988808437757328,0.016694741395169247,-0.4955885782577988,0.28417969123422165,LeaveOneOut
133,input_PARi,state__sum_respi,NEMA_H3,-0.4207489500822118,-0.23187648271227382,0.007914765383224526,-0.42499681699851266,0.23508209178335204,LeaveOneOut
134,input_PARi,state__sum_respi,NEMA_H15,-0.5330959295168224,-0.31396549149674985,0.019411078079261672,-0.5749842829704586,0.600456911216759,LeaveOneOut
135,input_PARi,state__sum_respi,combined,-0.5686880258730982,-0.31787386112754845,0.011463851941265339,-0.5595077078788495,0.4539871574026684,LeaveOneOut
136,input_PARi,state__Photosynthesis,NEMA_H0,-0.09858810176746069,-0.14429258078088228,0.00894725881991276,-0.2570182733404854,0.2032096841030078,LeaveOneOut
137,input_PARi,state__Photosynthesis,NEMA_H3,-0.12146671816946869,-0.12366362150400584,0.006464127738452079,-0.22065443952013264,0.19883421470867801,LeaveOneOut
138,input_PARi,state__Photosynthesis,NEMA_H15,-0.12748414784864248,-0.11948328260193426,0.005991746094203479,-0.21651772434128835,0.2084035956188816,LeaveOneOut
139,input_PARi,state__Photosynthesis,combined,-0.11620633734215038,-0.128227247431233,0.006457161142171532,-0.21398450946483363,0.2051899126867387,LeaveOneOut
140,input_PARi,state__PARa,NEMA_H0,-0.10039332688212267,-0.15461545875667207,0.00937852600172502,-0.2535772087442764,0.19437695744001654,LeaveOneOut
141,input_PARi,state__PARa,NEMA_H3,-0.12313196712813795,-0.12601801219972553,0.006220460327708757,-0.21849366737061765,0.19212694368177252,LeaveOneOut
142,input_PARi,state__PARa,NEMA_H15,-0.1207881984309367,-0.1258822410319614,0.0057896358853288575,-0.21264307300982677,0.18690768523195164,LeaveOneOut
143,input_PARi,state__PARa,combined,-0.11544570003947431,-0.13373240748020637,0.006261380292204578,-0.21260099509346517,0.18661679775295115,LeaveOneOut
144,output__axes__Total_Transpiration,state__An,NEMA_H0,-0.11415112951836978,-0.07512672504067092,0.0018515538211722603,-0.23152699810331256,0.21768757533117308,LeaveOneOut
145,output__axes__Total_Transpiration,state__An,NEMA_H3,-0.2294172951593591,-0.061695713556430276,0.0011971929573221692,-0.22143574871928579,0.30111007227787623,LeaveOneOut
146,output__axes__Total_Transpiration,state__An,NEMA_H15,-0.15199226473677194,-0.05668439826824628,0.0015281198111581006,-0.20541101441095633,0.28480587223062315,LeaveOneOut
147,output__axes__Total_Transpiration,state__An,combined,-0.15908864153583033,-0.06605181193708591,0.0016418772591502199,-0.2115064399717414,0.27413889516853107,LeaveOneOut
148,output__axes__Total_Transpiration,state__Transpiration,NEMA_H0,-4.8566005901068075e-06,-1.1320508429011894e-06,9.185935394336934e-08,-0.0001974933633597117,0.0006695990616666543,LeaveOneOut
149,output__axes__Total_Transpiration,state__Transpiration,NEMA_H3,-1.0277599051160311e-05,-1.3750524637363831e-06,7.803298899359624e-08,-5.6923292289962796e-06,8.149561651271708e-06,LeaveOneOut
150,output__axes__Total_Transpiration,state__Transpiration,NEMA_H15,-2.257719027029888e-05,-1.0398835859182695e-05,3.5492895391026176e-07,-3.0015587417931215e-05,2.798911749914802e-05,LeaveOneOut
151,output__axes__Total_Transpiration,state__Transpiration,combined,-0.00018211949243555968,-0.00017231873365285627,6.070124461103516e-06,-0.0005632314190033191,0.0006146842785431128,LeaveOneOut
152,output__axes__Total_Transpiration,state__S_Sucrose,NEMA_H0,-0.14361987518970254,-0.17677040252107884,0.008972431875546479,-0.6286655833241762,0.6078425619400781,LeaveOneOut
153,output__axes__Total_Transpiration,state__S_Sucrose,NEMA_H3,-0.17124568825205966,-0.11783427674494443,0.0046800194403237546,-0.4605358782258853,0.7385205119422604,LeaveOneOut
154,output__axes__Total_Transpiration,state__S_Sucrose,NEMA_H15,-0.13639940759901267,-0.1293707225720783,0.004006477393772824,-0.5137110252623446,0.9089144392874682,LeaveOneOut
155,output__axes__Total_Transpiration,state__S_Sucrose,combined,-0.15618270536722925,-0.1440504974763022,0.00636496338525363,-0.45399126354642305,0.6667010699797662,LeaveOneOut
156,output__axes__Total_Transpiration,state__Ts,NEMA_H0,-0.1157750673787287,-0.03155909504136057,0.003941205808220239,-0.5007625042935355,1.2414015050767726,LeaveOneOut
157,output__axes__Total_Transpiration,state__Ts,NEMA_H3,-0.23563130445500483,-0.033793556764090696,0.0024024253668178497,-0.12324484473517558,0.12451485129187163,LeaveOneOut
158,output__axes__Total_Transpiration,state__Ts,NEMA_H15,-0.14576696735090053,-0.02980692492819596,0.002032808932510479,-0.2178287211828128,0.43527637279436887,LeaveOneOut
159,output__axes__Total_Transpiration,state__Ts,combined,-0.17682901389297345,-0.03833337430591155,0.002931888706229858,-0.2682091850739011,0.5828961165079458,LeaveOneOut
160,output__axes__Total_Transpiration,state__gs,NEMA_H0,-0.2507130071229043,-0.20010676542388778,0.011225020345411623,-1.6628199434721238,3.713110944898295,LeaveOneOut
161,output__axes__Total_Transpiration,state__gs,NEMA_H3,-0.23779919471638294,-0.16006150618757709,0.006869460166415732,-0.5034265044378139,0.47832725774343643,LeaveOneOut
162,output__axes__Total_Transpiration,state__gs,NEMA_H15,-0.2694512849214562,-0.14668893741838776,0.010033619921317414,-0.9360225322219003,1.8965920354345946,LeaveOneOut
163,output__axes__Total_Transpiration,state__gs,combined,-0.25428689057320497,-0.1889598080675273,0.006620413671237358,-0.6616678857776142,0.6411389437601083,LeaveOneOut
164,output__axes__Total_Transpiration,state__Ag,NEMA_H0,-0.14159677277524643,-0.11440876870853459,0.004731650808089045,-0.44490526823457527,0.5354363263086659,LeaveOneOut
165,output__axes__Total_Transpiration,state__Ag,NEMA_H3,-0.107484025211349,-0.09583298631339884,0.004399366545377974,-0.38179025311999204,0.6829459757530048,LeaveOneOut
166,output__axes__Total_Transpiration,state__Ag,NEMA_H15,-0.12088451193057262,-0.09192466932076808,0.003868491186619408,-0.37205207560700143,0.5987376628174065,LeaveOneOut
167,output__axes__Total_Transpiration,state__Ag,combined,-0.15275551948976995,-0.12011921575504345,0.004002356417251241,-0.47959612340747443,0.6541177092204015,LeaveOneOut
168,output__axes__Total_Transpiration,state__Tr,NEMA_H0,-0.0211344706516153,-0.006333054292609719,0.001414777007912447,-0.11925207097706185,0.3709360570874438,LeaveOneOut
169,output__axes__Total_Transpiration,state__Tr,NEMA_H3,-0.054827213109145956,-0.003097790952146402,0.0004988146064002862,-0.013532453315817186,0.021089022552375145,LeaveOneOut
170,output__axes__Total_Transpiration,state__Tr,NEMA_H15,-0.016859539161426164,-0.007014467284545216,0.0016885120638337305,-0.1480936051452123,0.48936179189361384,LeaveOneOut
171,output__axes__Total_Transpiration,state__Tr,combined,-0.02755561874138978,-0.007870141394470374,0.0010899566246893428,-0.1083287823657669,0.34674982089811746,LeaveOneOut
172,output__axes__Total_Transpiration,state__sucrose,NEMA_H0,-0.5244872467671026,-0.4826296802855868,0.019381795048071387,-1.9088693965985668,2.7918669749170175,LeaveOneOut
173,output__axes__Total_Transpiration,state__sucrose,NEMA_H3,-0.5176243710562825,-0.3006187096472318,0.019453784173614062,-1.4927178729752641,3.458292559156159,LeaveOneOut
174,output__axes__Total_Transpiration,state__sucrose,NEMA_H15,-0.4346644897106951,-0.40854601491806636,0.021276726844829428,-1.5915585969199795,2.809843600667945,LeaveOneOut
175,output__axes__Total_Transpiration,state__sucrose,combined,-0.47693494087882676,-0.4451196320444078,0.01916985121913898,-1.5870197905852883,2.635156262970192,LeaveOneOut
176,output__axes__Total_Transpiration,state__Rd,NEMA_H0,-0.08908754491546225,-0.06329385919352537,0.0047810638753015555,-0.2944375731955131,0.5072975461021614,LeaveOneOut
177,output__axes__Total_Transpiration,state__Rd,NEMA_H3,-0.5286594887863636,-0.06037459781147041,0.0027183731498542935,-0.2557241491146406,0.4316398870203364,LeaveOneOut
178,output__axes__Total_Transpiration,state__Rd,NEMA_H15,-0.2893205845975414,-0.050497360403290906,0.002512004046463111,-0.22900684498073476,0.4185171294952085,LeaveOneOut
179,output__axes__Total_Transpiration,state__Rd,combined,-0.4445890222374429,-0.07369759236592169,0.0033434776584035817,-0.2987950340036028,0.4245670155996037,LeaveOneOut
180,output__axes__Total_Transpiration,state__sum_respi,NEMA_H0,-0.30738859119531303,-0.15462706649840793,0.013971360818318087,-1.46014498295517,2.681087437903182,LeaveOneOut
181,output__axes__Total_Transpiration,state__sum_respi,NEMA_H3,-0.22184248398062206,-0.11299664431200133,0.009133136816867702,-0.4305178683987186,0.7051180846826931,LeaveOneOut
182,output__axes__Total_Transpiration,state__sum_respi,NEMA_H15,-0.26778844143489444,-0.127113771043025,0.00960577203384108,-0.6150085625903374,1.2187838303107286,LeaveOneOut
183,output__axes__Total_Transpiration,state__sum_respi,combined,-0.346616715820245,-0.1404621268134174,0.008404485046183744,-0.570314856957456,0.7126509748486373,LeaveOneOut
184,output__axes__Total_Transpiration,state__Photosynthesis,NEMA_H0,-0.3777114215659629,-0.10687398820359709,0.002976377941404059,-0.48391196415794774,0.5472190087178843,LeaveOneOut
185,output__axes__Total_Transpiration,state__Photosynthesis,NEMA_H3,-0.6224478843359971,-0.10731529388195564,0.0035204666165323836,-0.3795273022009639,0.5916461158653653,LeaveOneOut
186,output__axes__Total_Transpiration,state__Photosynthesis,NEMA_H15,-0.2537150753335064,-0.12193385457274454,0.00452492559365432,-0.6112515740523772,0.8543150849356349,LeaveOneOut
187,output__axes__Total_Transpiration,state__Photosynthesis,combined,-0.13522671501226355,-0.1502195388653689,0.004941252790903769,-0.5134312031679088,0.6474582254821306,LeaveOneOut
188,output__axes__Total_Transpiration,state__PARa,NEMA_H0,-0.18626490323551334,-0.21113571345811735,0.013380938539863114,-0.8487798813790387,1.2019918138230097,LeaveOneOut
189,output__axes__Total_Transpiration,state__PARa,NEMA_H3,-0.22487406856280084,-0.18812773231351815,0.01112402720940859,-0.5059760658775687,0.7879266816421845,LeaveOneOut
190,output__axes__Total_Transpiration,state__PARa,NEMA_H15,-0.20759827219521235,-0.19317134627366409,0.01101829737806081,-0.6558689573956268,1.01911528338762,LeaveOneOut
191,output__axes__Total_Transpiration,state__PARa,combined,-0.20748155977230104,-0.19653460810946632,0.010369529544406146,-0.67644323951112,0.9978029909945553,LeaveOneOut
192,output__axes__C_exudated,state__An,NEMA_H0,-0.5376987626337264,-0.45052201071491466,0.019817158614107808,-250.01959907131052,860.1290653589158,LeaveOneOut
193,output__axes__C_exudated,state__An,NEMA_H3,-1.2858100532129755,-0.3771137968786044,0.02498592547479829,-18.686127693789587,48.06016260773028,LeaveOneOut
194,output__axes__C_exudated,state__An,NEMA_H15,-0.7237796246007798,-0.3147419384355712,0.015757067255185622,-22.63656008782101,85.1510057187472,LeaveOneOut
195,output__axes__C_exudated,state__An,combined,-0.7371714276768333,-0.4373378821334737,0.026373294896588545,-5.233026383118553,11.334063652243696,LeaveOneOut
196,output__axes__C_exudated,state__Transpiration,NEMA_H0,-0.4956437223282058,-0.27670178449999344,0.013659013863877032,-16.87884381304065,54.55270414565287,LeaveOneOut
197,output__axes__C_exudated,state__Transpiration,NEMA_H3,-0.5236187995358181,-0.5460876515227613,0.031102107150575587,-36.81739156117683,67.01633291786717,LeaveOneOut
198,output__axes__C_exudated,state__Transpiration,NEMA_H15,-0.48608736230159505,-0.6351046726705902,0.028720573563292974,-8.731773613195855,13.722938480005002,LeaveOneOut
199,output__axes__C_exudated,state__Transpiration,combined,-0.46532815043754655,-0.567670528971916,0.02757290138055805,-8.716442960052424,13.260564514761539,LeaveOneOut
200,output__axes__C_exudated,state__S_Sucrose,NEMA_H0,-0.45688334666335395,-0.38925177877388806,0.015850259656832292,-234.78174323266725,808.5844429755451,LeaveOneOut
201,output__axes__C_exudated,state__S_Sucrose,NEMA_H3,-0.4118470694424275,-0.36678946303558146,0.012981872466483474,-37.54254264189139,93.76420992360136,LeaveOneOut
202,output__axes__C_exudated,state__S_Sucrose,NEMA_H15,-0.4434419303497391,-0.4027117764915217,0.01582906398465628,-11.328043262895719,36.07657300369172,LeaveOneOut
203,output__axes__C_exudated,state__S_Sucrose,combined,-0.4856265763262875,-0.47659637528581955,0.017034457691616055,-11.866571097254132,30.96984584421129,LeaveOneOut
204,output__axes__C_exudated,state__Ts,NEMA_H0,-0.5179226762622442,-0.3111444122680244,0.024467794974956568,-31.69267439836409,104.46758811398401,LeaveOneOut
205,output__axes__C_exudated,state__Ts,NEMA_H3,-0.5490646716380507,-0.39556351961886127,0.018659329643151597,-106.28677655592719,315.2682890615774,LeaveOneOut
206,output__axes__C_exudated,state__Ts,NEMA_H15,-0.6853405081832998,-0.5516423829003319,0.024066527509071584,-15.937144889476539,41.480718898259745,LeaveOneOut
207,output__axes__C_exudated,state__Ts,combined,-0.602489841151315,-0.4815553313718712,0.024048018893326414,-11.56622370869962,21.126554024627062,LeaveOneOut
208,output__axes__C_exudated,state__gs,NEMA_H0,-0.5002531396492796,-0.44532552812209103,0.013188724531555396,-287.0401236472832,987.7471586929289,LeaveOneOut
209,output__axes__C_exudated,state__gs,NEMA_H3,-0.5909647314172792,-0.5014912303297167,0.01554194549894466,-89.08736819737118,259.851350021766,LeaveOneOut
210,output__axes__C_exudated,state__gs,NEMA_H15,-0.7391493675307889,-0.646284247838074,0.01260243487011307,-26.008880642901428,82.01414574123832,LeaveOneOut
211,output__axes__C_exudated,state__gs,combined,-0.650596582631828,-0.5792458018191704,0.01116089170301141,-16.971037554672453,44.22749407832759,LeaveOneOut
212,output__axes__C_exudated,state__Ag,NEMA_H0,-0.5241885310223957,-0.4472800885383718,0.016077452882128324,-263.56355832589907,907.6473984141822,LeaveOneOut
213,output__axes__C_exudated,state__Ag,NEMA_H3,-0.4334185191925763,-0.37043268188266676,0.01672193671281044,-41.791494376685016,112.660875867825,LeaveOneOut
214,output__axes__C_exudated,state__Ag,NEMA_H15,-0.41540997744924885,-0.4086561967902502,0.015255113320484508,-12.956504709504093,43.00887789293516,LeaveOneOut
215,output__axes__C_exudated,state__Ag,combined,-0.43230730575857296,-0.4214028673917615,0.01635776413938558,-13.045534299529875,39.9479818603677,LeaveOneOut
216,output__axes__C_exudated,state__Tr,NEMA_H0,-0.5366223131836825,-0.3613696608005728,0.02282389969488099,-254.9671566171951,876.4179513157409,LeaveOneOut
217,output__axes__C_exudated,state__Tr,NEMA_H3,-0.5227647489700684,-0.41794207105256576,0.01909523199124191,-100.23825588607056,238.05927823522134,LeaveOneOut
218,output__axes__C_exudated,state__Tr,NEMA_H15,-0.6812227588213484,-0.6080137734121046,0.02626866243637073,-25.03600369193541,71.16881713636978,LeaveOneOut
219,output__axes__C_exudated,state__Tr,combined,-0.4276341254290332,-0.4229642654238304,0.01897059413865952,-12.893697891622502,29.775809663266536,LeaveOneOut
220,output__axes__C_exudated,state__sucrose,NEMA_H0,-0.5127110046949079,-0.5829179509457101,0.028866974805566572,-4.839463228285466,9.893366618542954,LeaveOneOut
221,output__axes__C_exudated,state__sucrose,NEMA_H3,-0.3777745707480747,-0.42763324554358156,0.020937262070361312,-5.097682681829035,8.369337159506335,LeaveOneOut
222,output__axes__C_exudated,state__sucrose,NEMA_H15,-0.38173264564342935,-0.440241607248857,0.01776637893994697,-1.874330452911833,2.3851498047428534,LeaveOneOut
223,output__axes__C_exudated,state__sucrose,combined,-0.4019280010479614,-0.44909485644280006,0.016401937892890975,-3.148436878711693,6.937357321141424,LeaveOneOut
224,output__axes__C_exudated,state__Rd,NEMA_H0,-0.3634398443421951,-0.3300757688248516,0.022086102579729917,-28.07980084741137,92.52023227488378,LeaveOneOut
225,output__axes__C_exudated,state__Rd,NEMA_H3,-0.8636985538946564,-0.2956791471211673,0.019682116147269783,-31.801377280384685,100.97293800063262,LeaveOneOut
226,output__axes__C_exudated,state__Rd,NEMA_H15,-0.5531195510762431,-0.3719174414474874,0.026075429880360438,-4.107813020387816,8.511578566078201,LeaveOneOut
227,output__axes__C_exudated,state__Rd,combined,-0.5386925236274973,-0.39970646715005986,0.026711909075272783,-3.67613367330093,5.5754651699758675,LeaveOneOut
228,output__axes__C_exudated,state__sum_respi,NEMA_H0,-0.32926870775878186,-0.2760664008559373,0.019652876809260953,-2.192693166140405,4.680769007529303,LeaveOneOut
229,output__axes__C_exudated,state__sum_respi,NEMA_H3,-0.2645417662119977,-0.22013567746712356,0.013375790500216818,-5.374372660401011,10.377355715492666,LeaveOneOut
230,output__axes__C_exudated,state__sum_respi,NEMA_H15,-0.2742938495649714,-0.2203256253211822,0.012247400827167614,-0.9447206794352015,0.6359640474509969,LeaveOneOut
231,output__axes__C_exudated,state__sum_respi,combined,-0.30766613731543,-0.22509932871803573,0.0116332853825965,-1.379490607729393,2.0919579991715915,LeaveOneOut
232,output__axes__C_exudated,state__Photosynthesis,NEMA_H0,-0.4497883859487314,-0.4074649861891223,0.01650994054240499,-122.90420046585312,419.7865072436187,LeaveOneOut
233,output__axes__C_exudated,state__Photosynthesis,NEMA_H3,-0.6834065655118577,-0.4932239218773187,0.021037993061989963,-36.440722562367526,76.24978175097465,LeaveOneOut
234,output__axes__C_exudated,state__Photosynthesis,NEMA_H15,-0.6603459201535741,-0.7200897851269008,0.018750570594642305,-9.231486447102364,15.051450726924175,LeaveOneOut
235,output__axes__C_exudated,state__Photosynthesis,combined,-0.5337823940883605,-0.508938311377272,0.013488233662838358,-8.585081095089633,18.79216413013185,LeaveOneOut
236,output__axes__C_exudated,state__PARa,NEMA_H0,-0.9621190822753034,-0.8581781080398859,0.02512018720626953,-685.2010699387964,2359.227001406621,LeaveOneOut
237,output__axes__C_exudated,state__PARa,NEMA_H3,-0.9411541995577708,-0.9518393872021289,0.01398316945514317,-307.07747430103495,902.9961159816941,LeaveOneOut
238,output__axes__C_exudated,state__PARa,NEMA_H15,-0.9341029253543187,-0.9420022566292803,0.012639746777289735,-48.80792844913921,161.82891333998998,LeaveOneOut
239,output__axes__C_exudated,state__PARa,combined,-0.9352274777858246,-0.9266591616492583,0.013784811964635602,-52.35048029705118,155.36279094742102,LeaveOneOut
240,output__axes__SAM_temperature,state__An,NEMA_H0,-0.36186182243065895,-0.23360909141146277,0.009542967803653421,-1.7701251560875508,3.764631577078511,LeaveOneOut
241,output__axes__SAM_temperature,state__An,NEMA_H3,-0.5625892156756418,-0.20816401010990987,0.005194267987704725,-1.4532830416814329,3.0011155888812473,LeaveOneOut
242,output__axes__SAM_temperature,state__An,NEMA_H15,-0.2780680883979834,-0.267518304061916,0.007328994082644367,-1.7451248036580298,3.1600945253976414,LeaveOneOut
243,output__axes__SAM_temperature,state__An,combined,-0.289625935710652,-0.26006334531057584,0.006019686617940072,-1.5232579077503896,2.8318033746690543,LeaveOneOut
244,output__axes__SAM_temperature,state__Transpiration,NEMA_H0,-0.402685998425317,-0.2334990513551645,0.016188951841055246,-2.3985518190007227,4.240958943043803,LeaveOneOut
245,output__axes__SAM_temperature,state__Transpiration,NEMA_H3,-0.38666907819570884,-0.23270842096792616,0.010569802998459506,-2.04965111607276,3.9314096039379294,LeaveOneOut
246,output__axes__SAM_temperature,state__Transpiration,NEMA_H15,-0.3233675199089887,-0.268356691651221,0.011490673896021349,-2.115820820868411,4.30713686512514,LeaveOneOut
247,output__axes__SAM_temperature,state__Transpiration,combined,-0.35188227581974435,-0.24789214195858264,0.009785972396387588,-1.855163059798537,3.528563629416113,LeaveOneOut
248,output__axes__SAM_temperature,state__S_Sucrose,NEMA_H0,-0.8027517145456866,-0.6719224809043296,0.035786684410655585,-4.111360805174841,7.887515788921744,LeaveOneOut
249,output__axes__SAM_temperature,state__S_Sucrose,NEMA_H3,-0.6331294107954144,-0.6071319411815668,0.017647354193958263,-4.509997020359199,8.58206220471103,LeaveOneOut
250,output__axes__SAM_temperature,state__S_Sucrose,NEMA_H15,-0.7584212575189458,-0.6322616997349232,0.01867016237281851,-4.309438115213375,8.717000139228757,LeaveOneOut
251,output__axes__SAM_temperature,state__S_Sucrose,combined,-0.7710823348016494,-0.6867193506545641,0.02027464032473091,-4.082010982263805,8.518539595473777,LeaveOneOut
252,output__axes__SAM_temperature,state__Ts,NEMA_H0,-0.001955070443141095,-0.0002900412725995122,4.142387569985458e-05,-0.0016732668783509728,0.0015987961146704313,LeaveOneOut
253,output__axes__SAM_temperature,state__Ts,NEMA_H3,-0.0017009337889030325,-0.00024016270246845337,2.297788112898942e-05,-0.0010285557003914623,0.0010695431923287873,LeaveOneOut
254,output__axes__SAM_temperature,state__Ts,NEMA_H15,-0.0016829138878132325,-0.00027293778861982624,2.4224034347829052e-05,-0.0013459104955145112,0.001204517585090662,LeaveOneOut
255,output__axes__SAM_temperature,state__Ts,combined,-0.0017334744523253031,-0.0003269457671805638,2.9076027728315657e-05,-0.0012738397667283509,0.0011002139513858072,LeaveOneOut
256,output__axes__SAM_temperature,state__gs,NEMA_H0,-0.5020489166714329,-0.4196617235393377,0.013152763753898566,-2.985308120994849,5.165172515101323,LeaveOneOut
257,output__axes__SAM_temperature,state__gs,NEMA_H3,-0.46324798486690166,-0.3941556132763127,0.015578754732578446,-2.5714023539238653,4.74370758742455,LeaveOneOut
258,output__axes__SAM_temperature,state__gs,NEMA_H15,-0.5204772337411672,-0.3815689164083485,0.012803441653254114,-2.312323388663544,3.9707789904741935,LeaveOneOut
259,output__axes__SAM_temperature,state__gs,combined,-0.5287131102198518,-0.4322834811463419,0.011824607341050807,-2.4746178801244474,4.610168292136941,LeaveOneOut
260,output__axes__SAM_temperature,state__Ag,NEMA_H0,-0.7968252477394386,-0.4189022659368046,0.016265327624215623,-3.0490600791634765,6.040324000900699,LeaveOneOut
261,output__axes__SAM_temperature,state__Ag,NEMA_H3,-0.5495533616743764,-0.43314512552500406,0.01398404353305838,-2.9016320083513207,5.283223179536837,LeaveOneOut
262,output__axes__SAM_temperature,state__Ag,NEMA_H15,-0.5096888502774097,-0.49277131413926584,0.012112795258867106,-3.251730568644872,5.909722920316043,LeaveOneOut
263,output__axes__SAM_temperature,state__Ag,combined,-0.5329036370474922,-0.48984661099042426,0.013541838827690689,-3.137452635145117,5.763858354898203,LeaveOneOut
264,output__axes__SAM_temperature,state__Tr,NEMA_H0,-0.23640579569417902,-0.1790456710785981,0.013350346130217587,-1.8156491594131263,3.1838762477820706,LeaveOneOut
265,output__axes__SAM_temperature,state__Tr,NEMA_H3,-0.21914316595556302,-0.17464862018700306,0.008235807956873436,-1.647435778606725,3.182038410059383,LeaveOneOut
266,output__axes__SAM_temperature,state__Tr,NEMA_H15,-0.2900112072090004,-0.1691776935916716,0.007956435274679584,-1.4695493255095557,2.855588810045806,LeaveOneOut
267,output__axes__SAM_temperature,state__Tr,combined,-0.2571094026746369,-0.1713634710029788,0.008450213174856119,-1.445445553964462,2.7978311842138197,LeaveOneOut
268,output__axes__SAM_temperature,state__sucrose,NEMA_H0,-0.9834942838514676,-0.7520234023127291,0.030618969525362822,-5.075390344256966,11.382832757381491,LeaveOneOut
269,output__axes__SAM_temperature,state__sucrose,NEMA_H3,-0.6416377622607404,-0.6411196775434675,0.02943355447252349,-5.615734499367876,12.372209577249897,LeaveOneOut
270,output__axes__SAM_temperature,state__sucrose,NEMA_H15,-0.7687914810658011,-0.6341266936709972,0.025866810229868503,-5.2023625345610265,11.811385636903584,LeaveOneOut
271,output__axes__SAM_temperature,state__sucrose,combined,-0.8963209494368162,-0.7383719674978281,0.01979095380199037,-5.024686347872492,11.635305198996427,LeaveOneOut
272,output__axes__SAM_temperature,state__Rd,NEMA_H0,-0.028481914050843108,-0.017866071811554345,0.0008453775430008687,-0.1998395346196632,0.44482800099554964,LeaveOneOut
273,output__axes__SAM_temperature,state__Rd,NEMA_H3,-0.10546056458191129,-0.018495775563118245,0.0006689240603907561,-0.1645676834826764,0.39674656360331784,LeaveOneOut
274,output__axes__SAM_temperature,state__Rd,NEMA_H15,-0.074728101453342,-0.018665734492907232,0.0007258927547036625,-0.1596467695548474,0.3993598707411497,LeaveOneOut
275,output__axes__SAM_temperature,state__Rd,combined,-0.19460552772286693,-0.02866634004811863,0.0010642270721017489,-0.19496108333332526,0.4312821590924423,LeaveOneOut
276,output__axes__SAM_temperature,state__sum_respi,NEMA_H0,-0.05025656890660989,-0.021254665856820606,0.0020315759361894795,-0.41213662885002517,0.8247375387817824,LeaveOneOut
277,output__axes__SAM_temperature,state__sum_respi,NEMA_H3,-0.43251373493089024,-0.02449694624896348,0.001418285811363485,-0.2721032894725175,0.6493851128250503,LeaveOneOut
278,output__axes__SAM_temperature,state__sum_respi,NEMA_H15,-0.31821679879208087,-0.02582676571180768,0.0014775984292925224,-0.4003917966984873,0.8556684764092054,LeaveOneOut
279,output__axes__SAM_temperature,state__sum_respi,combined,-0.4018956372191366,-0.08590200465410124,0.005030387218598397,-0.8683928497114229,1.651985769950678,LeaveOneOut
280,output__axes__SAM_temperature,state__Photosynthesis,NEMA_H0,-0.7622470791471849,-0.44382548547210443,0.017370462058677618,-3.535128759103159,7.108245451065346,LeaveOneOut
281,output__axes__SAM_temperature,state__Photosynthesis,NEMA_H3,-1.47579401230065,-0.5216154150167117,0.017088466707403025,-4.028193429907385,8.461931992302762,LeaveOneOut
282,output__axes__SAM_temperature,state__Photosynthesis,NEMA_H15,-0.8184539622935807,-0.5766878101098927,0.014272339397631425,-4.247213247450394,8.944720303060409,LeaveOneOut
283,output__axes__SAM_temperature,state__Photosynthesis,combined,-0.5919198526851406,-0.5726075512006947,0.010047900378548856,-3.76802624617249,7.626385395992633,LeaveOneOut
284,output__axes__SAM_temperature,state__PARa,NEMA_H0,-0.7573723456806629,-0.7440531419079082,0.015585082084236956,-4.527745122711093,9.53359156464708,LeaveOneOut
285,output__axes__SAM_temperature,state__PARa,NEMA_H3,-0.742036572189226,-0.7139578720395952,0.01225418383731825,-4.522460739314131,10.087648750774992,LeaveOneOut
286,output__axes__SAM_temperature,state__PARa,NEMA_H15,-0.762658412838504,-0.7147446881573314,0.011117914167210967,-4.202962436092393,9.438662369831087,LeaveOneOut
287,output__axes__SAM_temperature,state__PARa,combined,-0.7531095728336311,-0.7230443203536269,0.01177596845300755,-4.0504520822926535,9.064032119492651,LeaveOneOut
288,output__axes__delta_teq,state__An,NEMA_H0,-0.4170923839757051,-0.24365529482493822,0.008932872896662041,-3.0966153147545152,7.971761331675234,LeaveOneOut
289,output__axes__delta_teq,state__An,NEMA_H3,-0.9237266640241658,-0.2373706136516271,0.00853941658270116,-2.547973723785319,6.321516063185287,LeaveOneOut
290,output__axes__delta_teq,state__An,NEMA_H15,-0.3803615865575163,-0.29161221552183836,0.010516583382553242,-2.8935649613851853,6.8421756458226,LeaveOneOut
291,output__axes__delta_teq,state__An,combined,-0.4087960380847732,-0.28451933095429127,0.009484482552886565,-2.4404842041470465,5.7078133566137,LeaveOneOut
292,output__axes__delta_teq,state__Transpiration,NEMA_H0,-0.46472673924064317,-0.2450150727216034,0.013329852696223879,-4.151766047157171,9.248893507431628,LeaveOneOut
293,output__axes__delta_teq,state__Transpiration,NEMA_H3,-0.6260652712577877,-0.26100855200617656,0.010534733375550437,-3.5517272528547403,8.363890641021822,LeaveOneOut
294,output__axes__delta_teq,state__Transpiration,NEMA_H15,-0.5135923946830652,-0.3031591953649062,0.008944283629175612,-3.7728763625590838,9.67536506332292,LeaveOneOut
295,output__axes__delta_teq,state__Transpiration,combined,-0.5048685726742782,-0.2755997764349834,0.008237779480056896,-3.012648703460727,7.341004416419524,LeaveOneOut
296,output__axes__delta_teq,state__S_Sucrose,NEMA_H0,-0.8673789677246154,-0.6930798555684172,0.03330579635335586,-7.470458835022005,18.627341524366717,LeaveOneOut
297,output__axes__delta_teq,state__S_Sucrose,NEMA_H3,-0.6833772656294126,-0.6423410229377149,0.015886963808509395,-8.082926327512999,20.99369929329455,LeaveOneOut
298,output__axes__delta_teq,state__S_Sucrose,NEMA_H15,-0.7445047180277266,-0.59892178363567,0.01594905715702494,-7.519223519611928,18.724161674257058,LeaveOneOut
299,output__axes__delta_teq,state__S_Sucrose,combined,-0.7869559437834234,-0.7047330524800018,0.016757892003053085,-7.043539926801947,19.007712080069062,LeaveOneOut
300,output__axes__delta_teq,state__Ts,NEMA_H0,-0.02780729521088863,-0.023324905156106017,0.0012205287714811882,-0.14150033767626982,0.26637802419372547,LeaveOneOut
301,output__axes__delta_teq,state__Ts,NEMA_H3,-0.037802857902559675,-0.02056635003919003,0.001023341061408365,-0.13885217447663412,0.29983920341076736,LeaveOneOut
302,output__axes__delta_teq,state__Ts,NEMA_H15,-0.036569802255837475,-0.020237887265519082,0.0009289156072773314,-0.13041952464386591,0.2859361253256946,LeaveOneOut
303,output__axes__delta_teq,state__Ts,combined,-0.036122846159434126,-0.011044090855199003,0.0006270251089126184,-0.14354057701787407,0.4009529328870784,LeaveOneOut
304,output__axes__delta_teq,state__gs,NEMA_H0,-0.5069472640475324,-0.42552740260218874,0.014711963189289709,-4.89353327452476,10.465893973394477,LeaveOneOut
305,output__axes__delta_teq,state__gs,NEMA_H3,-0.4934556567428066,-0.41947116649480976,0.017053884221976814,-4.267995193380983,9.880276663702427,LeaveOneOut
306,output__axes__delta_teq,state__gs,NEMA_H15,-0.5629508595045007,-0.4065654944585266,0.01351581321177205,-3.678745286494186,8.433430148995756,LeaveOneOut
307,output__axes__delta_teq,state__gs,combined,-0.5552832385853634,-0.4518418916081515,0.013294274876789115,-3.885177994522892,9.067590288972108,LeaveOneOut
308,output__axes__delta_teq,state__Ag,NEMA_H0,-0.8829468331221415,-0.43180225800233085,0.0170916633649786,-5.412902711393411,13.865447798767873,LeaveOneOut
309,output__axes__delta_teq,state__Ag,NEMA_H3,-0.6849680304575376,-0.4606682314657863,0.015060310150554491,-4.905745129460275,12.017079903420896,LeaveOneOut
310,output__axes__delta_teq,state__Ag,NEMA_H15,-0.4982177194560297,-0.503186548764396,0.013510239267202555,-5.49974446548066,12.86495483564554,LeaveOneOut
311,output__axes__delta_teq,state__Ag,combined,-0.5664350966886663,-0.5195314732287639,0.013548405682939236,-5.098723012606594,12.519967038186593,LeaveOneOut
312,output__axes__delta_teq,state__Tr,NEMA_H0,-0.30560564715865085,-0.1870093876245651,0.00855610975040644,-2.7962134122026283,6.368371995243226,LeaveOneOut
313,output__axes__delta_teq,state__Tr,NEMA_H3,-0.441781328358119,-0.1967564610054876,0.01019378034833194,-2.742213119303126,6.394639164454606,LeaveOneOut
314,output__axes__delta_teq,state__Tr,NEMA_H15,-0.552870242762722,-0.19097230057907613,0.008279890020467333,-2.4105118544357684,5.678634617062489,LeaveOneOut
315,output__axes__delta_teq,state__Tr,combined,-0.4303255393109107,-0.19149889584977936,0.00785749100794781,-2.2074259267968204,5.199069942834903,LeaveOneOut
316,output__axes__delta_teq,state__sucrose,NEMA_H0,-1.0666765815135615,-0.8270335927722775,0.02958304285484223,-9.809201266058214,25.678454851884965,LeaveOneOut
317,output__axes__delta_teq,state__sucrose,NEMA_H3,-0.6995025975868566,-0.6435730359660509,0.028275464929440726,-11.046738480321586,30.41446697328994,LeaveOneOut
318,output__axes__delta_teq,state__sucrose,NEMA_H15,-0.7384657271495507,-0.6115867302813598,0.028956454028193936,-10.170512713768206,28.22806425855279,LeaveOneOut
319,output__axes__delta_teq,state__sucrose,combined,-0.8777587655181385,-0.7616574129254371,0.017563377490991013,-9.242118157298677,26.127947444545775,LeaveOneOut
320,output__axes__delta_teq,state__Rd,NEMA_H0,-0.03950424427002835,-0.03281591261436027,0.004871675695643001,-0.28860093299262746,0.5583371336206893,LeaveOneOut
321,output__axes__delta_teq,state__Rd,NEMA_H3,-0.18048214425295617,-0.03492674173422873,0.0035083233698422664,-0.21834732152201514,0.39052247633259024,LeaveOneOut
322,output__axes__delta_teq,state__Rd,NEMA_H15,-0.09873977267300636,-0.03340819582536303,0.003026228168359269,-0.21339337305934694,0.41420086613806895,LeaveOneOut
323,output__axes__delta_teq,state__Rd,combined,-0.170631913736754,-0.04396727958414464,0.003755062568625184,-0.2511105988349611,0.4334939393026682,LeaveOneOut
324,output__axes__delta_teq,state__sum_respi,NEMA_H0,-0.08400629464321424,-0.031166611366146433,0.0044015224981350035,-0.47561726221557643,1.0342067376882806,LeaveOneOut
325,output__axes__delta_teq,state__sum_respi,NEMA_H3,-0.5708254754982374,-0.03888154052129738,0.0032637227982591074,-0.4425593949456893,1.0537487180130498,LeaveOneOut
326,output__axes__delta_teq,state__sum_respi,NEMA_H15,-0.46143622605489776,-0.03714227604148353,0.002213461875871113,-0.4627453605363734,1.086365761709404,LeaveOneOut
327,output__axes__delta_teq,state__sum_respi,combined,-0.4646340460023105,-0.09398048092980686,0.004082947632616535,-1.2262829719927444,2.8348143773997845,LeaveOneOut
328,output__axes__delta_teq,state__Photosynthesis,NEMA_H0,-0.7342186759338534,-0.45722003153522167,0.012730176719617358,-6.355327512345124,16.32939641592852,LeaveOneOut
329,output__axes__delta_teq,state__Photosynthesis,NEMA_H3,-1.4118567660339214,-0.5629458523422431,0.014387107183603927,-7.718925304135555,20.6189258561045,LeaveOneOut
330,output__axes__delta_teq,state__Photosynthesis,NEMA_H15,-0.8349768212517085,-0.6008593688107366,0.013216476964176247,-7.756340151899023,21.111545991182346,LeaveOneOut
331,output__axes__delta_teq,state__Photosynthesis,combined,-0.6324589183453491,-0.5955258075260541,0.008161623899882738,-6.405611221261391,17.078885760375922,LeaveOneOut
332,output__axes__delta_teq,state__PARa,NEMA_H0,-0.7658011025088427,-0.74825938681504,0.01407115943424431,-8.578249298158203,22.63359245396918,LeaveOneOut
333,output__axes__delta_teq,state__PARa,NEMA_H3,-0.7352829755393752,-0.723090382963756,0.01144303429048966,-8.559171875065413,24.395566472015098,LeaveOneOut
334,output__axes__delta_teq,state__PARa,NEMA_H15,-0.7569847142313554,-0.7230477717102752,0.0104041667721502,-7.823691670957828,22.711685219700474,LeaveOneOut
335,output__axes__delta_teq,state__PARa,combined,-0.7504773743683395,-0.7300891763183733,0.010930757422047728,-7.142144655297365,20.320167065411727,LeaveOneOut
336,output__axes__sum_respi_shoot,state__An,NEMA_H0,-0.7170885837207012,-0.3064266080839549,0.028889995480980278,-10.348452192482075,10.365170489404084,LeaveOneOut
337,output__axes__sum_respi_shoot,state__An,NEMA_H3,-0.9362284403921736,-0.42894219890480156,0.023014846026593597,-16.241802245044862,18.57145361226839,LeaveOneOut
338,output__axes__sum_respi_shoot,state__An,NEMA_H15,-0.8501148303587085,-0.3912586107564711,0.0207276148555744,-14.694145448647307,15.59275918529083,LeaveOneOut
339,output__axes__sum_respi_shoot,state__An,combined,-0.7297391750159454,-0.46295876847512,0.019522086546014006,-12.659319179322143,12.373232272299397,LeaveOneOut
340,output__axes__sum_respi_shoot,state__Transpiration,NEMA_H0,-0.6683158009282387,-0.39180697204924386,0.05515517219164915,-16.499480149590063,27.307763677433854,LeaveOneOut
341,output__axes__sum_respi_shoot,state__Transpiration,NEMA_H3,-0.9093237239112709,-0.6992813556904798,0.06796617694077091,-23.702929372761695,33.32946129623487,LeaveOneOut
342,output__axes__sum_respi_shoot,state__Transpiration,NEMA_H15,-1.0314969006104566,-0.6603647020961113,0.06131062757450422,-22.548758618528126,33.34139931043192,LeaveOneOut
343,output__axes__sum_respi_shoot,state__Transpiration,combined,-0.9848276931774766,-0.625735858829093,0.04752919757958437,-14.340521337972277,21.252829516076243,LeaveOneOut
344,output__axes__sum_respi_shoot,state__S_Sucrose,NEMA_H0,-0.6070241069713471,-0.6849161328754677,0.03351127154196658,-24.382379004133814,21.315766309024617,LeaveOneOut
345,output__axes__sum_respi_shoot,state__S_Sucrose,NEMA_H3,-0.6231333256308849,-0.48511016659763306,0.02689234416766286,-16.433544527003093,26.395268615893915,LeaveOneOut
346,output__axes__sum_respi_shoot,state__S_Sucrose,NEMA_H15,-0.8825074551780875,-0.7302278685630004,0.028757143334658213,-22.89672867232863,31.56403811073406,LeaveOneOut
347,output__axes__sum_respi_shoot,state__S_Sucrose,combined,-0.8378406026905252,-0.7976889352310177,0.03148812161216733,-13.772026345201576,15.309944332706921,LeaveOneOut
348,output__axes__sum_respi_shoot,state__Ts,NEMA_H0,-0.7182925117084438,-0.3963826038782364,0.028841497642312922,-23.039454115232658,23.492940830614316,LeaveOneOut
349,output__axes__sum_respi_shoot,state__Ts,NEMA_H3,-1.1853405387576286,-0.531689783740843,0.03531125076430611,-21.96292962519921,23.430367077039264,LeaveOneOut
350,output__axes__sum_respi_shoot,state__Ts,NEMA_H15,-0.8471401890537663,-0.6311218236527627,0.030764091810338335,-25.768764722124416,32.99889108009587,LeaveOneOut
351,output__axes__sum_respi_shoot,state__Ts,combined,-0.9119841498712195,-0.6273912398457474,0.028506508068226032,-15.93718860439786,15.963519930222237,LeaveOneOut
352,output__axes__sum_respi_shoot,state__gs,NEMA_H0,-0.6216410173166391,-0.5940490455412908,0.044497279247365726,-20.34740731053485,32.1747685979459,LeaveOneOut
353,output__axes__sum_respi_shoot,state__gs,NEMA_H3,-0.7179313866682101,-0.467615975895992,0.023343924135889926,-14.961401029083271,16.582547984243877,LeaveOneOut
354,output__axes__sum_respi_shoot,state__gs,NEMA_H15,-0.5261966469645832,-0.41539522590135214,0.01354263990111146,-12.086215681718247,11.865003771530503,LeaveOneOut
355,output__axes__sum_respi_shoot,state__gs,combined,-0.9179042166296248,-0.7395893944588864,0.02066836440408788,-12.59684760031693,11.676801578709364,LeaveOneOut
356,output__axes__sum_respi_shoot,state__Ag,NEMA_H0,-0.7928087831260437,-0.4043234724324758,0.018800162741177257,-18.40180795542785,22.495348215677865,LeaveOneOut
357,output__axes__sum_respi_shoot,state__Ag,NEMA_H3,-0.7111848325451446,-0.5653041391565472,0.027332779070104986,-19.56696888157251,27.424449938758663,LeaveOneOut
358,output__axes__sum_respi_shoot,state__Ag,NEMA_H15,-0.6607315892639511,-0.5494631811338436,0.018539750553107155,-20.496697770871524,26.984257460812803,LeaveOneOut
359,output__axes__sum_respi_shoot,state__Ag,combined,-0.9533555962964667,-0.8440674534600623,0.032187822620745,-14.474023296544818,15.132208644752497,LeaveOneOut
360,output__axes__sum_respi_shoot,state__Tr,NEMA_H0,-0.7261537854753464,-0.24422079907511535,0.0157872328571819,-13.372927793161956,14.37341687734072,LeaveOneOut
361,output__axes__sum_respi_shoot,state__Tr,NEMA_H3,-1.2671512386039219,-0.5176703381298333,0.04185954889367057,-16.85478361954811,22.06697844551508,LeaveOneOut
362,output__axes__sum_respi_shoot,state__Tr,NEMA_H15,-0.8810852856170562,-0.4955482582505611,0.03373694977307626,-18.56874036895791,21.563417100851773,LeaveOneOut
363,output__axes__sum_respi_shoot,state__Tr,combined,-1.0417585514472747,-0.5341577226758791,0.031238095296680864,-13.613469214774671,16.691287499135413,LeaveOneOut
364,output__axes__sum_respi_shoot,state__sucrose,NEMA_H0,-0.307211672051519,-0.300024063978901,0.04235292007151539,-15.07245842246478,29.89738802836048,LeaveOneOut
365,output__axes__sum_respi_shoot,state__sucrose,NEMA_H3,-2.983343727759733,-0.3954436159541309,0.0327601518691593,-19.302248518912194,33.0102280342412,LeaveOneOut
366,output__axes__sum_respi_shoot,state__sucrose,NEMA_H15,-1.3022767007416323,-0.43380186601080334,0.027859723120476305,-20.234073345175954,30.276257127292784,LeaveOneOut
367,output__axes__sum_respi_shoot,state__sucrose,combined,-1.552064461841546,-0.49434522863984043,0.031061476496921415,-11.23377643042048,11.921534023952512,LeaveOneOut
368,output__axes__sum_respi_shoot,state__Rd,NEMA_H0,-0.3559954492946911,-0.04905801854376101,0.0058957589231015545,-2.2018574631773276,1.2411492182518746,LeaveOneOut
369,output__axes__sum_respi_shoot,state__Rd,NEMA_H3,-0.6728880169827558,-0.19613500344487483,0.021392610181451863,-6.891206429220805,8.378802664431717,LeaveOneOut
370,output__axes__sum_respi_shoot,state__Rd,NEMA_H15,-0.5998082216543378,-0.2622332617645287,0.014625091546428944,-7.865302922977073,7.4253594884285645,LeaveOneOut
371,output__axes__sum_respi_shoot,state__Rd,combined,-0.6909645500424074,-0.4145349038295554,0.02430768158908455,-10.134566127713779,9.413550459378735,LeaveOneOut
372,output__axes__sum_respi_shoot,state__sum_respi,NEMA_H0,-0.607419001280675,-0.016471489445158773,0.0015239032570920448,-0.9014709878861662,1.0104946700865938,LeaveOneOut
373,output__axes__sum_respi_shoot,state__sum_respi,NEMA_H3,-0.8064656075263924,-0.10676272830051478,0.019098186320801677,-5.202914167449013,8.216838156426467,LeaveOneOut
374,output__axes__sum_respi_shoot,state__sum_respi,NEMA_H15,-0.4975275700169803,-0.2287909687741486,0.015945809245534962,-5.196949785620863,5.3936658977661045,LeaveOneOut
375,output__axes__sum_respi_shoot,state__sum_respi,combined,-0.588827246150277,-0.39912350253907064,0.024894001901421183,-8.175134977169595,11.175869878775941,LeaveOneOut
376,output__axes__sum_respi_shoot,state__Photosynthesis,NEMA_H0,-0.8289081485876565,-0.7273119659937017,0.0310653454056797,-26.58123680531866,32.07476696690018,LeaveOneOut
377,output__axes__sum_respi_shoot,state__Photosynthesis,NEMA_H3,-1.5326686600627248,-0.646794593546181,0.027888952992400552,-15.048335013434539,20.05967318983519,LeaveOneOut
378,output__axes__sum_respi_shoot,state__Photosynthesis,NEMA_H15,-0.8862677320933521,-0.5717136559228025,0.026145605893764835,-17.658614615079838,21.187506359695508,LeaveOneOut
379,output__axes__sum_respi_shoot,state__Photosynthesis,combined,-0.9720390724511249,-0.6745865450597095,0.020990861687359256,-10.902260525696345,11.9604385757393,LeaveOneOut
380,output__axes__sum_respi_shoot,state__PARa,NEMA_H0,-0.9518271647220045,-0.9324804405602551,0.015848435693996812,-29.22096428982251,32.65349187353077,LeaveOneOut
381,output__axes__sum_respi_shoot,state__PARa,NEMA_H3,-0.9402813883564032,-0.908476059898127,0.015914621419849635,-29.63636036013199,43.819722599916574,LeaveOneOut
382,output__axes__sum_respi_shoot,state__PARa,NEMA_H15,-0.932063333586736,-0.9005736358515767,0.014842510171801066,-28.128867716722045,41.78358834519205,LeaveOneOut
383,output__axes__sum_respi_shoot,state__PARa,combined,-0.939203142620728,-0.9127889222606269,0.014727195196730901,-16.9173561801871,18.958381460822952,LeaveOneOut
384,output__organ_roots__N_exudation,state__An,NEMA_H0,-1.1695088010486399,-0.5147176769401652,0.023222956482901947,-1666.8767129204684,5566.968495797112,LeaveOneOut
385,output__organ_roots__N_exudation,state__An,NEMA_H3,-3.767248759170818,-0.21655644187790699,0.01100910312934192,-187.75834606717834,591.9726922368433,LeaveOneOut
386,output__organ_roots__N_exudation,state__An,NEMA_H15,-1.4447188316600785,-0.45246183082946073,0.01553728355230272,-1.4596990873848106,2.0395724053254716,LeaveOneOut
387,output__organ_roots__N_exudation,state__An,combined,-1.4768131914531635,-0.3422684677324704,0.010838729906234036,-1.2563967101538431,1.2033584344585018,LeaveOneOut
388,output__organ_roots__N_exudation,state__Transpiration,NEMA_H0,-0.9469906320931427,-0.3840222378104991,0.031943205694788195,-181.94497117885567,506.6152627559086,LeaveOneOut
389,output__organ_roots__N_exudation,state__Transpiration,NEMA_H3,-1.2072238626557044,-0.5886509377320911,0.031113296653592557,-299.17305826484755,578.1868281738069,LeaveOneOut
390,output__organ_roots__N_exudation,state__Transpiration,NEMA_H15,-1.0398194472373556,-0.6713005109681546,0.029779081790474237,-1.3808531142639815,1.0943360986530064,LeaveOneOut
391,output__organ_roots__N_exudation,state__Transpiration,combined,-1.1073178167452955,-0.6247231234022815,0.028092868091647342,-1.6623758470925096,1.2142440226917453,LeaveOneOut
392,output__organ_roots__N_exudation,state__S_Sucrose,NEMA_H0,-1.3129815777650289,-0.5125802832691434,0.026516751651308137,-1111.863801683306,3659.093811335041,LeaveOneOut
393,output__organ_roots__N_exudation,state__S_Sucrose,NEMA_H3,-0.6054935797782148,-0.2971352270826678,0.013247026954920174,-247.39556834897516,706.0466509924663,LeaveOneOut
394,output__organ_roots__N_exudation,state__S_Sucrose,NEMA_H15,-0.9687743761807672,-0.4509279382094111,0.020026916853601567,-1.160134112036699,1.0271658746112475,LeaveOneOut
395,output__organ_roots__N_exudation,state__S_Sucrose,combined,-0.798103702648675,-0.40541480541986047,0.011888643562722529,-1.2522712809346421,0.7391040281519593,LeaveOneOut
396,output__organ_roots__N_exudation,state__Ts,NEMA_H0,-1.0991317023387481,-0.3381876670346556,0.022168746593645386,-102.90827423692063,197.20342803837949,LeaveOneOut
397,output__organ_roots__N_exudation,state__Ts,NEMA_H3,-1.018485208493474,-0.37014253102936695,0.016166775604244524,-1062.0407364772373,3352.7235156999736,LeaveOneOut
398,output__organ_roots__N_exudation,state__Ts,NEMA_H15,-1.2235492784570743,-0.48219020473576973,0.02031990230493417,-1.3275701223738439,1.4605097802686544,LeaveOneOut
399,output__organ_roots__N_exudation,state__Ts,combined,-0.8502063753619851,-0.3319363164621227,0.017177025331192246,-1.2494322683845638,1.1170049613734092,LeaveOneOut
400,output__organ_roots__N_exudation,state__gs,NEMA_H0,-0.547082859828103,-0.2774637414843148,0.017348157323780523,-881.6184924713751,2937.354568057327,LeaveOneOut
401,output__organ_roots__N_exudation,state__gs,NEMA_H3,-0.7708302314610699,-0.33675247148523474,0.01378730096841294,-679.505203962376,2177.7944136930073,LeaveOneOut
402,output__organ_roots__N_exudation,state__gs,NEMA_H15,-1.1493204310746041,-0.4942282198038525,0.02295149255770894,-1.5144988637374552,2.56498200771386,LeaveOneOut
403,output__organ_roots__N_exudation,state__gs,combined,-0.7845672375231584,-0.3705350656782126,0.01735705738402303,-1.2015064296906475,0.7688062003410405,LeaveOneOut
404,output__organ_roots__N_exudation,state__Ag,NEMA_H0,-1.2643001490569301,-0.49561822344755235,0.02398410354727834,-1270.3856202571767,4224.210200048146,LeaveOneOut
405,output__organ_roots__N_exudation,state__Ag,NEMA_H3,-0.823866460392077,-0.3091729051203284,0.01719916376725973,-497.7331468304675,1616.00117106986,LeaveOneOut
406,output__organ_roots__N_exudation,state__Ag,NEMA_H15,-1.0862717712914929,-0.5147438751717458,0.01932894458665872,-1.6606105187021014,2.2414532544729853,LeaveOneOut
407,output__organ_roots__N_exudation,state__Ag,combined,-0.8357993567338216,-0.39541176828143576,0.016054240447508656,-1.2931157341678459,1.0079983788992202,LeaveOneOut
408,output__organ_roots__N_exudation,state__Tr,NEMA_H0,-1.2571448658820434,-0.34842368258931167,0.02368546262949669,-1068.88192383379,3492.0700848463266,LeaveOneOut
409,output__organ_roots__N_exudation,state__Tr,NEMA_H3,-0.7945789590275003,-0.4001263965589231,0.022036736987526593,-791.4026051198794,1924.496371883495,LeaveOneOut
410,output__organ_roots__N_exudation,state__Tr,NEMA_H15,-1.00176867790683,-0.4776356149963462,0.02233178451368898,-1.2235020621414974,0.9029795793930121,LeaveOneOut
411,output__organ_roots__N_exudation,state__Tr,combined,-0.812837874705774,-0.39409054490543943,0.01886144692879436,-1.3658685533844783,0.8701098160559089,LeaveOneOut
412,output__organ_roots__N_exudation,state__sucrose,NEMA_H0,-1.3680001004820457,-0.6946531198777234,0.023830864631591054,-246.66996301377145,624.2961450262897,LeaveOneOut
413,output__organ_roots__N_exudation,state__sucrose,NEMA_H3,-0.9525400456656726,-0.5539904480514544,0.024872232738631036,-80.00340157413628,177.0253955583456,LeaveOneOut
414,output__organ_roots__N_exudation,state__sucrose,NEMA_H15,-1.9380522796509156,-0.206909807275545,0.007855107400399427,-0.6183821756007342,0.4684246710208202,LeaveOneOut
415,output__organ_roots__N_exudation,state__sucrose,combined,-0.9650264940602241,-0.49303016091982327,0.012551138871220061,-1.2812231280675546,0.6385943912853136,LeaveOneOut
416,output__organ_roots__N_exudation,state__Rd,NEMA_H0,-0.9579615066577037,-0.3943216199515219,0.01404669591950732,-1130.9482889942283,3738.2536299602257,LeaveOneOut
417,output__organ_roots__N_exudation,state__Rd,NEMA_H3,-2.298756931343278,-0.25077035127462066,0.012825907885895655,-391.61683897606014,1277.08081130532,LeaveOneOut
418,output__organ_roots__N_exudation,state__Rd,NEMA_H15,-1.3487707579619572,-0.4457357029413785,0.016637184248711457,-1.606212109384563,2.3558083113352524,LeaveOneOut
419,output__organ_roots__N_exudation,state__Rd,combined,-1.3630120645858537,-0.33380632453470976,0.010274536116429657,-0.990124284673183,0.7176933197683516,LeaveOneOut
420,output__organ_roots__N_exudation,state__sum_respi,NEMA_H0,-0.6701535865975751,-0.18369632435342126,0.010675774056584033,-14.658459248735394,38.10134151770204,LeaveOneOut
421,output__organ_roots__N_exudation,state__sum_respi,NEMA_H3,-0.306296313840779,-0.14180261125596288,0.006035311038325025,-58.623375384344165,152.2249303968582,LeaveOneOut
422,output__organ_roots__N_exudation,state__sum_respi,NEMA_H15,-0.531988462903153,-0.28007176199088335,0.010229955662275168,-0.5861913689415533,0.29316990323535413,LeaveOneOut
423,output__organ_roots__N_exudation,state__sum_respi,combined,-0.6229616876599312,-0.21590466337700792,0.006392112808840713,-0.6011433312763108,0.25925540629758304,LeaveOneOut
424,output__organ_roots__N_exudation,state__Photosynthesis,NEMA_H0,-1.2744431996821648,-0.4002408917397495,0.02341593738012979,-551.515036858539,1791.0942360449178,LeaveOneOut
425,output__organ_roots__N_exudation,state__Photosynthesis,NEMA_H3,-2.09321185987477,-0.33360436436632307,0.020235086233867758,-231.98718775331062,498.12048493805617,LeaveOneOut
426,output__organ_roots__N_exudation,state__Photosynthesis,NEMA_H15,-0.9925511493856222,-0.6807835750660479,0.020768010689903596,-1.3561318739064259,0.7246569112752058,LeaveOneOut
427,output__organ_roots__N_exudation,state__Photosynthesis,combined,-1.507442303573005,-0.4552559866078872,0.015158713721639185,-1.326391902583834,0.7505209385976057,LeaveOneOut
428,output__organ_roots__N_exudation,state__PARa,NEMA_H0,-1.8883248209085803,-0.9029962696596558,0.02584030905850419,-3950.0360341611176,13215.764804013388,LeaveOneOut
429,output__organ_roots__N_exudation,state__PARa,NEMA_H3,-1.3851120971706739,-0.9347506531163341,0.017304207952106132,-2961.350636609103,9490.289607983861,LeaveOneOut
430,output__organ_roots__N_exudation,state__PARa,NEMA_H15,-1.3089534541703922,-0.8380465281856685,0.01601660215264556,-2.4930101507877183,4.595691101576345,LeaveOneOut
431,output__organ_roots__N_exudation,state__PARa,combined,-1.4740370711152,-0.8948179719708835,0.015319297475789735,-3.0922853897181626,4.23660793974253,LeaveOneOut
